"","estimate","std.error","estimate","std.error","estimate","std.error","estimate","std.error","estimate","std.error"
"YEAR_f2008","-3.74***","(0.09)","24.93***","(0.92)","0.59***","(0.02)","-3.69***","(0.08)","61.10***","(4.45)"
"YEAR_f2009","-7.48***","(0.01)","49.64***","(0.11)","1.15***","(0.00)","-7.72***","(0.01)","169.25***","(0.52)"
"YEAR_f2010","-8.53***","(0.01)","56.65***","(0.06)","1.29***","(0.00)","-8.79***","(0.01)","180.64***","(0.31)"
"YEAR_f2011","-9.86***","(0.01)","66.92***","(0.07)","1.35***","(0.00)","-9.42***","(0.01)","179.02***","(0.32)"
"YEAR_f2012","-4.74***","(0.01)","30.07***","(0.07)","0.75***","(0.00)","-3.60***","(0.01)","144.19***","(0.34)"
"YEAR_f2013","-2.36***","(0.01)","13.84***","(0.07)","0.52***","(0.00)","-1.18***","(0.01)","115.21***","(0.34)"
"YEAR_f2014","-1.44***","(0.01)","8.42***","(0.07)","0.34***","(0.00)","-0.35***","(0.01)","58.22***","(0.33)"
"YEAR_f2015","1.44***","(0.01)","-15.25***","(0.06)","-0.08***","(0.00)","2.68***","(0.01)","55.21***","(0.30)"
"YEAR_f2016","1.42***","(0.01)","-15.52***","(0.07)","-0.11***","(0.00)","2.61***","(0.01)","52.17***","(0.32)"
"YEAR_f2017","0.99***","(0.01)","-12.04***","(0.07)","0.02***","(0.00)","2.15***","(0.01)","83.17***","(0.34)"
"YEAR_f2018","0.31***","(0.01)","-5.87***","(0.07)","0.17***","(0.00)","1.45***","(0.01)","117.42***","(0.32)"
"YEAR_f2019","0.14***","(0.01)","-5.04***","(0.06)","0.22***","(0.00)","1.39***","(0.01)","120.44***","(0.31)"
"YEAR_f2020","0.11***","(0.01)","-3.62***","(0.06)","0.22***","(0.00)","1.32***","(0.01)","111.09***","(0.31)"
"YEAR_f2021","0.17***","(0.01)","-4.26***","(0.06)","0.22***","(0.00)","1.35***","(0.01)","108.93***","(0.30)"
"YEAR_f2022","0.03***","(0.01)","-3.54***","(0.06)","0.21***","(0.00)","1.28***","(0.01)","107.44***","(0.29)"
"YEAR_f2023","-0.03***","(0.01)","-2.30***","(0.06)","0.21***","(0.00)","1.16***","(0.01)","-112.31***","(0.30)"
"YEAR_f2024","-0.17***","(0.01)","-0.11*","(0.06)","0.22***","(0.00)","0.95***","(0.01)","-53.06***","(0.31)"
"YEAR_f2025","-0.37***","(0.01)","1.13***","(0.14)","0.26***","(0.00)","0.80***","(0.01)","15.03***","(0.68)"
"ID_1","3.74***","(0.01)","-41.59***","(0.05)","-0.38***","(0.00)","4.03***","(0.00)","-67.88***","(0.25)"
"ID_4","4.41***","(0.01)","-32.17***","(0.07)","-0.66***","(0.00)","4.70***","(0.01)","-122.88***","(0.34)"
"ID_5","3.25***","(0.00)","-26.36***","(0.04)","-0.45***","(0.00)","3.78***","(0.00)","-97.47***","(0.18)"
"ID_6","4.73***","(0.00)","-40.08***","(0.03)","-0.63***","(0.00)","5.42***","(0.00)","-127.84***","(0.17)"
"ID_7","6.26***","(0.00)","-51.67***","(0.03)","-0.88***","(0.00)","7.01***","(0.00)","-192.78***","(0.16)"
"ID_8","2.34***","(0.01)","-21.75***","(0.06)","-0.46***","(0.00)","2.27***","(0.01)","-94.96***","(0.27)"
"ID_9","2.41***","(0.04)","-12.36***","(0.38)","-0.64***","(0.01)","1.27***","(0.03)","-102.97***","(1.85)"
"ID_10","4.51***","(0.01)","-29.21***","(0.07)","-1.02***","(0.00)","4.04***","(0.01)","-204.64***","(0.35)"
"ID_11","2.30***","(0.00)","-15.37***","(0.04)","-0.31***","(0.00)","2.62***","(0.00)","-59.81***","(0.18)"
"ID_16","2.83***","(0.02)","-5.90***","(0.19)","-0.65***","(0.00)","1.73***","(0.02)","-183.30***","(0.90)"
"ID_19","2.92***","(0.00)","-30.41***","(0.04)","0.41***","(0.00)","3.23***","(0.00)","76.05***","(0.22)"
"ID_20","4.50***","(0.00)","-33.29***","(0.04)","-0.76***","(0.00)","5.59***","(0.00)","-143.66***","(0.18)"
"ID_22","14.95***","(0.08)","-107.91***","(0.83)","-11.88***","(0.02)","57.46***","(0.08)","-625.55***","(4.02)"
"ID_23","29.30***","(0.07)","-347.86***","(0.73)","-18.98***","(0.01)","61.46***","(0.07)","-1814.29***","(3.52)"
"ID_24","16.59***","(0.01)","-69.04***","(0.13)","-0.76***","(0.00)","4.06***","(0.01)","-342.89***","(0.64)"
"ID_25","9.48***","(0.01)","-60.84***","(0.12)","-0.76***","(0.00)","5.16***","(0.01)","-181.10***","(0.56)"
"ID_26","2.48***","(0.02)","-15.31***","(0.25)","-0.39***","(0.01)","3.11***","(0.02)","-102.54***","(1.19)"
"ID_27","18.59***","(0.01)","-190.22***","(0.12)","-2.48***","(0.00)","19.42***","(0.01)","-642.82***","(0.59)"
"ID_28","8.61***","(0.16)","-4.90***","(1.62)","-2.51***","(0.03)","6.17***","(0.15)","-439.03***","(7.85)"
"ID_34","6.42***","(0.00)","-29.32***","(0.05)","-1.41***","(0.00)","5.10***","(0.00)","-141.10***","(0.23)"
"ID_35","1.12***","(0.00)","-7.15***","(0.03)","-0.13***","(0.00)","1.02***","(0.00)","-38.29***","(0.14)"
"ID_36","3.14***","(0.05)","-23.71***","(0.49)","-0.41***","(0.01)","3.67***","(0.04)","-88.68***","(2.36)"
"ID_37","13.77***","(0.03)","-46.99***","(0.36)","-3.95***","(0.01)","11.54***","(0.03)","-686.32***","(1.72)"
"ID_39","15.80***","(0.07)","-118.96***","(0.73)","-9.90***","(0.01)","56.16***","(0.07)","-547.11***","(3.51)"
"ID_40","15.91***","(0.02)","-123.37***","(0.16)","-1.43***","(0.00)","13.13***","(0.01)","-469.69***","(0.79)"
"ID_42","18.76***","(1.96)","20.00","(19.94)","-0.67*","(0.41)","3.67**","(1.82)","-543.51***","(96.35)"
"ID_43","22.35***","(0.43)","-112.71***","(4.33)","-4.09***","(0.09)","17.79***","(0.39)","-374.53***","(20.93)"
"ID_44","6.20***","(0.01)","-36.88***","(0.05)","-0.88***","(0.00)","4.67***","(0.00)","-70.27***","(0.26)"
"ID_45","4.04***","(0.01)","-35.07***","(0.07)","-0.60***","(0.00)","4.50***","(0.01)","-148.53***","(0.34)"
"ID_46","7.49***","(0.01)","-48.27***","(0.08)","-1.90***","(0.00)","8.27***","(0.01)","-425.46***","(0.37)"
"ID_47","5.89***","(0.01)","-36.01***","(0.06)","-0.67***","(0.00)","6.88***","(0.01)","-82.43***","(0.30)"
"ID_48","5.13***","(0.01)","-51.02***","(0.10)","-0.21***","(0.00)","3.61***","(0.01)","-78.58***","(0.49)"
"ID_49","1.51***","(0.01)","-7.27***","(0.12)","-0.10***","(0.00)","1.10***","(0.01)","-50.54***","(0.57)"
"ID_50","3.91***","(0.01)","-42.60***","(0.10)","0.52***","(0.00)","2.93***","(0.01)","77.62***","(0.50)"
"ID_56","1.50***","(0.01)","-16.89***","(0.08)","-0.15***","(0.00)","2.26***","(0.01)","-29.48***","(0.39)"
"ID_57","3.90***","(0.00)","-31.70***","(0.04)","-0.57***","(0.00)","4.57***","(0.00)","-123.00***","(0.21)"
"ID_58","4.33***","(0.00)","-33.99***","(0.04)","-0.62***","(0.00)","4.54***","(0.00)","-118.01***","(0.19)"
"ID_59","17.32***","(0.01)","-83.38***","(0.10)","-0.71***","(0.00)","4.10***","(0.01)","-522.99***","(0.46)"
"ID_60","9.19***","(0.01)","-63.19***","(0.08)","-0.47***","(0.00)","3.52***","(0.01)","-264.47***","(0.40)"
"ID_63","2.49***","(0.01)","-31.61***","(0.11)","-0.14***","(0.00)","3.22***","(0.01)","-24.24***","(0.52)"
